<?xml version="1.0" encoding="utf-8"?>
<!--/689022/747328/2.49/4/4/Relay or Contactor/-->
<quadcept_library>
  <setting unit="mil" />
  <textstyle name="Default" height="47.244094488189" strokewidth="7.8740157480315" charwidth="47.244094488189" />
  <textstyle name="Dimension" height="19.6850393700787" strokewidth="0" charwidth="19.6850393700787" />
  <textstyle name="H127W0635TH00762" height="50" strokewidth="3" charwidth="25" />
  <textstyle name="H15W15TH02" height="59.0551181102362" strokewidth="7.8740157480315" charwidth="59.0551181102362" />
  <padstyle name="c172.5_h115" surface="False" plated="True" isvia="False" nopaste="True" nomask="True" complex="False" holesize="45.275590551181">
    <padshape layer="TOP" shape="round" width="67.913385826771" height="67.913385826771" />
    <padshape layer="TOP_SOLDER_MASK" shape="round" width="75.787401574802" height="75.787401574802" />
    <padshape layer="INNER" shape="round" width="67.913385826771" height="67.913385826771" />
    <padshape layer="BOTTOM" shape="round" width="67.913385826771" height="67.913385826771" />
    <padshape layer="BOTTOM_SOLDER_MASK" shape="round" width="75.787401574802" height="75.787401574802" />
  </padstyle>
  <footprint name="CPC1966Y" originx="0" originy="0" pickpointx="0" pickpointy="0">
    <pcbpin number="1" name="1" style="c172.5_h115" originx="-350" originy="4.8425196850393" rotation="90" />
    <pcbpin number="2" name="2" style="c172.5_h115" originx="-250" originy="4.8425196850393" rotation="90" />
    <pcbpin number="3" name="3" style="c172.5_h115" originx="150" originy="4.8425196850393" rotation="90" />
    <pcbpin number="4" name="4" style="c172.5_h115" originx="350" originy="4.8425196850393" rotation="90" />
    <line layer="TOP_ASSEMBLY" originx="-414.99999999999" originy="51.220472440944" endx="414.99999999999" endy="51.220472440944" width="7.8740157480314" />
    <line layer="TOP_ASSEMBLY" originx="414.99999999999" originy="51.220472440944" endx="414.99999999999" endy="-78.779527559054" width="7.8740157480314" />
    <line layer="TOP_ASSEMBLY" originx="414.99999999999" originy="-78.779527559054" endx="-414.99999999999" endy="-78.779527559054" width="7.8740157480314" />
    <line layer="TOP_ASSEMBLY" originx="-414.99999999999" originy="-78.779527559054" endx="-414.99999999999" endy="51.220472440944" width="7.8740157480314" />
    <line layer="TOP_SILKSCREEN" originx="-414.99999999999" originy="51.220472440944" endx="414.99999999999" endy="51.220472440944" width="3.9370078740157" />
    <line layer="TOP_SILKSCREEN" originx="414.99999999999" originy="51.220472440944" endx="414.99999999999" endy="-78.779527559054" width="3.9370078740157" />
    <line layer="TOP_SILKSCREEN" originx="414.99999999999" originy="-78.779527559054" endx="-414.99999999999" endy="-78.779527559054" width="3.9370078740157" />
    <line layer="TOP_SILKSCREEN" originx="-414.99999999999" originy="-78.779527559054" endx="-414.99999999999" endy="51.220472440944" width="3.9370078740157" />
    <line layer="TOP_PLACE_BOUND" originx="-454.37007874015" originy="118.14960629921" endx="454.37007874015" endy="118.14960629921" width="3.9370078740157" />
    <line layer="TOP_PLACE_BOUND" originx="454.37007874015" originy="118.14960629921" endx="454.37007874015" endy="-118.14960629921" width="3.9370078740157" />
    <line layer="TOP_PLACE_BOUND" originx="454.37007874015" originy="-118.14960629921" endx="-454.37007874015" endy="-118.14960629921" width="3.9370078740157" />
    <line layer="TOP_PLACE_BOUND" originx="-454.37007874015" originy="-118.14960629921" endx="-454.37007874015" endy="118.14960629921" width="3.9370078740157" />
    <line layer="TOP_SILKSCREEN" originx="-354.33070866141" originy="74.842519685038" endx="-354.33070866141" endy="74.842519685038" width="7.8740157480314" />
    <arc layer="TOP_SILKSCREEN" originx="-350.3937007874" originy="74.842519685038" startangle="180.0" sweepangle="-180.0" radius="3.9370078740157" width="7.8740157480314" />
    <line layer="TOP_SILKSCREEN" originx="-346.45669291338" originy="74.842519685038" endx="-346.45669291338" endy="74.842519685038" width="7.8740157480314" />
    <arc layer="TOP_SILKSCREEN" originx="-350.3937007874" originy="74.842519685038" startangle=".0" sweepangle="-180.0" radius="3.9370078740157" width="7.8740157480314" />
  </footprint>
  <symbol name="CPC1966Y" originx="0" originy="0">
    <line originx="200" originy="100" endx="1000" endy="100" width="0" />
    <line originx="1000" originy="-400" endx="1000" endy="100" width="0" />
    <line originx="1000" originy="-400" endx="200" endy="-400" width="0" />
    <line originx="200" originy="100" endx="200" endy="-400" width="0" />
    <sympin number="1" originx="200" originy="0" rotation="180" length="100" width="7.8740157480315" flipped="False">
      <text name="pinname" originx="230" originy="0" style="Default" rotation="0" justify="left" flipped="False" hidden="False" data="-LED" />
      <text name="pindes" originx="140" originy="20" style="Default" rotation="0" justify="lowerright" flipped="False" hidden="False" data="1" />
    </sympin>
    <sympin number="2" originx="200" originy="-100" rotation="180" length="100" width="7.8740157480315" flipped="False">
      <text name="pinname" originx="230" originy="-100" style="Default" rotation="0" justify="left" flipped="False" hidden="False" data="+LED" />
      <text name="pindes" originx="140" originy="-80" style="Default" rotation="0" justify="lowerright" flipped="False" hidden="False" data="2" />
    </sympin>
    <sympin number="3" originx="200" originy="-200" rotation="180" length="100" width="7.8740157480315" flipped="False">
      <text name="pinname" originx="230" originy="-200" style="Default" rotation="0" justify="left" flipped="False" hidden="False" data="AC_LOAD_1" />
      <text name="pindes" originx="140" originy="-180" style="Default" rotation="0" justify="lowerright" flipped="False" hidden="False" data="3" />
    </sympin>
    <sympin number="4" originx="200" originy="-300" rotation="180" length="100" width="7.8740157480315" flipped="False">
      <text name="pinname" originx="230" originy="-300" style="Default" rotation="0" justify="left" flipped="False" hidden="False" data="AC_LOAD_2" />
      <text name="pindes" originx="140" originy="-280" style="Default" rotation="0" justify="lowerright" flipped="False" hidden="False" data="4" />
    </sympin>
  </symbol>
  <component name="CPC1966Y" designatorprefix="K" height="393.70078740157" footprint="CPC1966Y">
    <comppin designator="1" sympin="1" pinswap="0" gateswap="0" gate="1" group="1" side="" type="Any" name="-LED" />
    <comppin designator="2" sympin="2" pinswap="0" gateswap="0" gate="1" group="1" side="" type="Any" name="+LED" />
    <comppin designator="3" sympin="3" pinswap="0" gateswap="0" gate="1" group="1" side="" type="Any" name="AC_LOAD_1" />
    <comppin designator="4" sympin="4" pinswap="0" gateswap="0" gate="1" group="1" side="" type="Any" name="AC_LOAD_2" />
    <attached_symbol gate="1" name="CPC1966Y" />
    <pinmap designator="1" footprintpin="1" />
    <pinmap designator="2" footprintpin="2" />
    <pinmap designator="3" footprintpin="3" />
    <pinmap designator="4" footprintpin="4" />
    <text name="Datasheet" originx="0" originy="0" style="Default" rotation="0" justify="" flipped="False" hidden="True" data="https://datasheet.datasheetarchive.com/originals/distributors/Datasheets_SAMA/4bd38bcd53ac06cbf93d43ee226943fd.pdf" />
    <text name="Description" originx="0" originy="0" style="Default" rotation="0" justify="" flipped="False" hidden="True" data="IXYS 3 A rms SPNO Solid State Relay, Zero Crossing, PCB Mount SCR, 240 V ac Maximum Load" />
    <text name="Manufacturer_Name" originx="0" originy="0" style="Default" rotation="0" justify="" flipped="False" hidden="True" data="LITTELFUSE" />
    <text name="Manufacturer_Part_Number" originx="1050" originy="200" style="Default" rotation="0" justify="left" flipped="False" hidden="False" data="CPC1966Y" />
    <text name="Mouser Part Number" originx="0" originy="0" style="Default" rotation="0" justify="" flipped="False" hidden="True" data="849-CPC1966Y" />
    <text name="Mouser Price/Stock" originx="0" originy="0" style="Default" rotation="0" justify="" flipped="False" hidden="True" data="https://www.mouser.co.uk/ProductDetail/IXYS-Integrated-Circuits/CPC1966Y?qs=8uBHJDVwVqxNfAOiNv29Iw%3D%3D" />
    <text name="Arrow Part Number" originx="0" originy="0" style="Default" rotation="0" justify="" flipped="False" hidden="True" data="CPC1966Y" />
    <text name="Arrow Price/Stock" originx="0" originy="0" style="Default" rotation="0" justify="" flipped="False" hidden="True" data="https://www.arrow.com/en/products/cpc1966y/ixys" />
  </component>
</quadcept_library>
